domain,subtopic,sentence
technology_online_life,AI,"""I'm seriously concerned about AI taking over creative jobs like writing and art."","
technology_online_life,AI,"""Haha, my phone's AI just suggested the weirdest playlist based on my mood swings!"","
technology_online_life,AI,"""You know what's cute? When AI gets confused by our Nairobi slang in texts."","
technology_online_life,AI,"""Ugh, another AI chatbot that can't understand basic questions properly, so frustrating!"","
technology_online_life,AI,"""Isn't it wild how AI can now recognize your face even in dark photos?"","
technology_online_life,AI,"""If AI keeps improving this fast, we might have robot friends in five years!"","
technology_online_life,AI,"""Seriously though, are we ready for the ethical questions AI is bringing up?"","
technology_online_life,AI,"""My smart home AI just turned off the lights when I was still reading, annoying!"","
technology_online_life,AI,"""You'd look cute as an AI-generated anime character, want me to try making one?"","
technology_online_life,AI,"""I love how AI can translate languages instantly, makes talking to foreigners so easy."","
technology_online_life,AI,"""We need to have a serious talk about AI bias and how it affects people."","
technology_online_life,AI,"""Haha, just asked AI to write a love poem and it was actually decent!"","
technology_online_life,AI,"""The way AI learns from our behavior is both fascinating and a bit creepy."","
technology_online_life,AI,"""Imagine if AI could predict traffic on Thika Road accurately, that would be magic!"","
technology_online_life,AI,"""I'm getting worried about how much we're relying on AI for important decisions."","
technology_online_life,AI,"""Just used an AI to plan my weekend and it actually suggested great spots!"","
technology_online_life,AI,"""Your thinking is so sharp, you could probably outsmart most AI systems out there."","
technology_online_life,AI,"""Why do AI assistants always have such cheerful voices when I'm having a bad day?"","
technology_online_life,AI,"""We should probably learn more about how AI works instead of just using it."","
technology_online_life,AI,"""Playing with image-generating AI is my new favorite way to waste time online."","
technology_online_life,AI,"""AI recommending movies based on my watch history feels like it knows me too well."","
technology_online_life,AI,"""Another company laying off workers and replacing them with AI, this trend worries me."","
technology_online_life,AI,"""The fact that AI can diagnose diseases better than some doctors is mind-blowing."","
technology_online_life,AI,"""Haha, my AI fitness coach is more optimistic about my workout goals than I am!"","
technology_online_life,AI,"""Do you ever feel like AI is listening to our conversations through our phones?"","
technology_online_life,AI,"""We need proper regulations for AI development before it's too late, honestly."","
technology_online_life,AI,"""Just realized my phone's AI has learned all my bad habits and routines, scary!"","
technology_online_life,AI,"""You and AI have something in common - you both make my heart race sometimes."","
technology_online_life,AI,"""AI writing tools are getting so good, students might stop learning to write properly."","
technology_online_life,AI,"""I love how AI can summarize long articles into quick readable points for me."","
technology_online_life,AI,"""Seriously, how did we function before AI-powered navigation apps in Nairobi traffic?"","
technology_online_life,AI,"""Another AI-generated song on TikTok going viral, can't tell if it's good or not."","
technology_online_life,AI,"""The way AI can generate realistic fake videos is both impressive and terrifying."","
technology_online_life,AI,"""Haha, asked AI for relationship advice and it gave better tips than my friends!"","
technology_online_life,AI,"""Why does every company suddenly need to add 'AI-powered' to their product descriptions?"","
technology_online_life,AI,"""We should appreciate how AI helps people with disabilities live more independently."","
technology_online_life,AI,"""Just watched a documentary about AI and now I can't stop thinking about the future."","
technology_online_life,AI,"""Your smile could probably confuse an AI's emotion recognition system, it's that bright."","
technology_online_life,AI,"""AI customer service bots that can't understand simple requests are the worst invention."","
technology_online_life,AI,"""The progress in AI medical imaging could save so many lives in rural areas."","
technology_online_life,AI,"""Playing chess against AI is humbling - it reminds me how much I don't know."","
technology_online_life,AI,"""Do you think AI will ever develop true consciousness like in sci-fi movies?"","
technology_online_life,AI,"""My AI calendar assistant just double-booked me again, technology isn't perfect yet clearly."","
technology_online_life,AI,"""The environmental cost of training massive AI models is something we rarely discuss."","
technology_online_life,AI,"""Haha, my AI suggested I'd like reggae music just because I'm Kenyan - stereotypical!"","
technology_online_life,AI,"""We need more diverse teams building AI to avoid embedded cultural biases."","
technology_online_life,AI,"""AI-powered language learning apps are actually making it fun to learn new languages."","
technology_online_life,AI,"""Another privacy scandal involving AI data collection, when will companies learn?"","
technology_online_life,AI,"""The way AI can compose music that sounds human-composed is absolutely incredible."","
technology_online_life,AI,"""You're like advanced AI - constantly learning and becoming more fascinating every day."","
technology_online_life,AI,"""AI filters that perfect your photos are creating unrealistic beauty standards, honestly."","
technology_online_life,AI,"""I'm impressed by how AI can help scientists analyze complex climate change data."","
technology_online_life,AI,"""Haha, just tried an AI that writes jokes and most were actually pretty funny!"","
technology_online_life,AI,"""Why do AI voice assistants take so long to understand simple commands sometimes?"","
technology_online_life,AI,"""We should teach kids about AI ethics in school alongside coding and programming."","
technology_online_life,AI,"""AI recommendation algorithms are creating echo chambers that limit our perspectives."","
technology_online_life,AI,"""The potential for AI in agriculture could help solve food security issues here."","
technology_online_life,AI,"""Your intelligence combined with AI would probably solve world hunger in a week."","
technology_online_life,AI,"""Another AI startup got millions in funding while actual human workers struggle, ironic."","
technology_online_life,AI,"""I appreciate how AI tools are making design and creativity more accessible to everyone."","
technology_online_life,AI,"""Seriously, we need to consider the mental health impact of AI replacing human jobs."","
technology_online_life,AI,"""AI predicting stock market trends feels like cheating but everyone's doing it now."","
technology_online_life,AI,"""Haha, my AI assistant just wished me happy birthday before any of my friends did!"","
technology_online_life,AI,"""Why does AI-generated art sometimes have weird extra fingers and distorted faces?"","
technology_online_life,AI,"""We should celebrate the African developers creating AI solutions for local problems."","
technology_online_life,AI,"""AI-powered fraud detection in mobile banking has saved me from scams multiple times."","
technology_online_life,AI,"""The way AI can now understand context in conversations is getting really impressive."","
technology_online_life,AI,"""You're more reliable than any AI system I've ever used, and way more charming."","
technology_online_life,AI,"""Another tech bro claiming AI will solve all humanity's problems - so naive."","
technology_online_life,AI,"""I'm grateful for AI tools that help me stay organized and productive daily."","
technology_online_life,AI,"""AI in education could personalize learning but might widen inequality gaps too."","
technology_online_life,AI,"""Haha, just used AI to generate pickup lines and they were surprisingly smooth!"","
technology_online_life,AI,"""Why do AI systems always assume I want to buy things after I search online?"","
technology_online_life,AI,"""We need more transparency about how AI makes decisions that affect our lives."","
technology_online_life,AI,"""AI helping preserve endangered languages by documenting and teaching them is beautiful."","
technology_online_life,AI,"""The speed at which AI is evolving makes it hard to keep up sometimes."","
technology_online_life,AI,"""Your thought process is more complex than the most advanced AI I've studied."""
technology_online_life,AI,"""I was reading about AI today and it's crazy how fast it's developing, man."","
technology_online_life,AI,"""Do you think AI will actually take over our jobs in the next few years?"","
technology_online_life,AI,"""My phone's AI assistant just predicted what I wanted to type, so smart!"","
technology_online_life,AI,"""You know what would be fun? An AI that could write love poems for us."","
technology_online_life,AI,"""Ugh, these AI chatbots keep giving me the same generic responses everywhere I go."","
technology_online_life,AI,"""I just tried that new AI art generator and the results were absolutely mind-blowing."","
technology_online_life,AI,"""Seriously though, we need to talk about the ethics of AI development soon."","
technology_online_life,AI,"""Imagine if AI could plan our perfect date night based on our preferences."","
technology_online_life,AI,"""This AI keeps recommending me the same boring content, it's so annoying."","
technology_online_life,AI,"""I think AI will revolutionize healthcare in ways we can't even imagine yet."","
technology_online_life,AI,"""You and AI have something in common - you both make my heart race."","
technology_online_life,AI,"""Why does every app suddenly need to have AI features shoved into it?"","
technology_online_life,AI,"""The way AI can analyze data patterns is actually pretty fascinating to me."","
technology_online_life,AI,"""Would you trust an AI to give you relationship advice? I'm not sure."","
technology_online_life,AI,"""My smart home AI just turned off the lights without me asking, spooky!"","
technology_online_life,AI,"""AI is getting so advanced it's starting to feel like science fiction."","
technology_online_life,AI,"""I bet an AI could figure out the perfect way to charm you."","
technology_online_life,AI,"""These AI customer service bots never actually solve my problems, just waste time."","
technology_online_life,AI,"""We should probably learn more about how AI algorithms actually make decisions."","
technology_online_life,AI,"""Playing with AI image generators feels like having a magical art assistant."","
technology_online_life,AI,"""Do you think AI will ever truly understand human emotions like we do?"","
technology_online_life,AI,"""If AI gets any smarter, it might start giving you competition for my attention."","
technology_online_life,AI,"""I'm tired of companies using AI to track everything I do online."","
technology_online_life,AI,"""The potential for AI in education could really change how we learn forever."","
technology_online_life,AI,"""Just imagine an AI that could write personalized songs just for you and me."","
technology_online_life,AI,"""Why does my AI assistant keep misunderstanding my accent? It's so frustrating."","
technology_online_life,AI,"""AI is transforming how we create content in ways I never expected."","
technology_online_life,AI,"""We need to have a serious discussion about AI privacy concerns soon."","
technology_online_life,AI,"""What if AI could predict when we're going to have our next argument?"","
technology_online_life,AI,"""These AI recommendations are always so off-base, like they don't know me at all."","
technology_online_life,AI,"""The way AI can process information so quickly is genuinely impressive technology."","
technology_online_life,AI,"""Do you ever wonder if AI will make human creativity less valuable?"","
technology_online_life,AI,"""An AI that could plan surprise dates would be my new best friend."","
technology_online_life,AI,"""I wish AI would stop trying to be helpful when I don't need help."","
technology_online_life,AI,"""AI development is moving so fast it's hard to keep up with everything."","
technology_online_life,AI,"""You know, you're like human AI - always knowing exactly what to say."","
technology_online_life,AI,"""Another day, another AI tool claiming to revolutionize my life somehow."","
technology_online_life,AI,"""The possibilities for AI in scientific research are actually quite exciting to consider."","
technology_online_life,AI,"""Would you let an AI choose your outfit for our date tonight?"","
technology_online_life,AI,"""I'm getting really tired of AI-generated spam messages flooding my inbox."","
technology_online_life,AI,"""AI is becoming so integrated into our lives we barely notice it anymore."","
technology_online_life,AI,"""Maybe we should ask AI for ideas on where to go this weekend."","
technology_online_life,AI,"""Honestly, sometimes I think AI understands me better than real people do."""
